,Geography,Geographic Area Name,language,pct_65_plus,moe_pct_65_plus
0,0500000US24001,"Allegany County, Maryland",spanish_pct_65_plus,0.3,0.1
1,0500000US24003,"Anne Arundel County, Maryland",spanish_pct_65_plus,0.4,0.1
2,0500000US24005,"Baltimore County, Maryland",spanish_pct_65_plus,0.3,0.1
3,0500000US24009,"Calvert County, Maryland",spanish_pct_65_plus,0.1,0.1
4,0500000US24011,"Caroline County, Maryland",spanish_pct_65_plus,0.4,0.2
5,0500000US24013,"Carroll County, Maryland",spanish_pct_65_plus,0.2,0.1
6,0500000US24015,"Cecil County, Maryland",spanish_pct_65_plus,0.3,0.1
7,0500000US24017,"Charles County, Maryland",spanish_pct_65_plus,0.3,0.1
8,0500000US24019,"Dorchester County, Maryland",spanish_pct_65_plus,0.3,0.2
9,0500000US24021,"Frederick County, Maryland",spanish_pct_65_plus,0.6,0.1
10,0500000US24023,"Garrett County, Maryland",spanish_pct_65_plus,0.1,0.1
11,0500000US24025,"Harford County, Maryland",spanish_pct_65_plus,0.3,0.1
12,0500000US24027,"Howard County, Maryland",spanish_pct_65_plus,0.5,0.1
13,0500000US24029,"Kent County, Maryland",spanish_pct_65_plus,0.2,0.1
14,0500000US24031,"Montgomery County, Maryland",spanish_pct_65_plus,1.7,0.1
15,0500000US24033,"Prince George's County, Maryland",spanish_pct_65_plus,1.1,0.1
16,0500000US24035,"Queen Anne's County, Maryland",spanish_pct_65_plus,0.2,0.1
17,0500000US24037,"St. Mary's County, Maryland",spanish_pct_65_plus,0.2,0.1
18,0500000US24039,"Somerset County, Maryland",spanish_pct_65_plus,0.2,0.2
19,0500000US24041,"Talbot County, Maryland",spanish_pct_65_plus,0.4,0.2
20,0500000US24043,"Washington County, Maryland",spanish_pct_65_plus,0.4,0.1
21,0500000US24045,"Wicomico County, Maryland",spanish_pct_65_plus,0.5,0.3
22,0500000US24047,"Worcester County, Maryland",spanish_pct_65_plus,0.3,0.2
23,0500000US24510,"Baltimore city, Maryland",spanish_pct_65_plus,0.4,0.1
24,0500000US24001,"Allegany County, Maryland",indo_euro_pct_65_plus,0.2,0.1
25,0500000US24003,"Anne Arundel County, Maryland",indo_euro_pct_65_plus,0.5,0.1
26,0500000US24005,"Baltimore County, Maryland",indo_euro_pct_65_plus,0.9,0.1
27,0500000US24009,"Calvert County, Maryland",indo_euro_pct_65_plus,0.3,0.1
28,0500000US24011,"Caroline County, Maryland",indo_euro_pct_65_plus,0.2,0.1
29,0500000US24013,"Carroll County, Maryland",indo_euro_pct_65_plus,0.4,0.1
30,0500000US24015,"Cecil County, Maryland",indo_euro_pct_65_plus,0.3,0.1
31,0500000US24017,"Charles County, Maryland",indo_euro_pct_65_plus,0.3,0.1
32,0500000US24019,"Dorchester County, Maryland",indo_euro_pct_65_plus,0.6,0.5
33,0500000US24021,"Frederick County, Maryland",indo_euro_pct_65_plus,0.5,0.1
34,0500000US24023,"Garrett County, Maryland",indo_euro_pct_65_plus,0.5,0.3
35,0500000US24025,"Harford County, Maryland",indo_euro_pct_65_plus,0.7,0.2
36,0500000US24027,"Howard County, Maryland",indo_euro_pct_65_plus,1.1,0.2
37,0500000US24029,"Kent County, Maryland",indo_euro_pct_65_plus,0.1,0.1
38,0500000US24031,"Montgomery County, Maryland",indo_euro_pct_65_plus,1.8,0.1
39,0500000US24033,"Prince George's County, Maryland",indo_euro_pct_65_plus,0.5,0.1
40,0500000US24035,"Queen Anne's County, Maryland",indo_euro_pct_65_plus,0.4,0.2
41,0500000US24037,"St. Mary's County, Maryland",indo_euro_pct_65_plus,0.2,0.1
42,0500000US24039,"Somerset County, Maryland",indo_euro_pct_65_plus,0.1,0.1
43,0500000US24041,"Talbot County, Maryland",indo_euro_pct_65_plus,0.8,0.4
44,0500000US24043,"Washington County, Maryland",indo_euro_pct_65_plus,0.3,0.1
45,0500000US24045,"Wicomico County, Maryland",indo_euro_pct_65_plus,0.5,0.2
46,0500000US24047,"Worcester County, Maryland",indo_euro_pct_65_plus,0.8,0.4
47,0500000US24510,"Baltimore city, Maryland",indo_euro_pct_65_plus,0.4,0.1
48,0500000US24001,"Allegany County, Maryland",asian_pacific_pct_65_plus,0.0,0.1
49,0500000US24003,"Anne Arundel County, Maryland",asian_pacific_pct_65_plus,0.5,0.1
50,0500000US24005,"Baltimore County, Maryland",asian_pacific_pct_65_plus,0.5,0.1
51,0500000US24009,"Calvert County, Maryland",asian_pacific_pct_65_plus,0.3,0.1
52,0500000US24011,"Caroline County, Maryland",asian_pacific_pct_65_plus,0.0,0.1
53,0500000US24013,"Carroll County, Maryland",asian_pacific_pct_65_plus,0.2,0.1
54,0500000US24015,"Cecil County, Maryland",asian_pacific_pct_65_plus,0.1,0.1
55,0500000US24017,"Charles County, Maryland",asian_pacific_pct_65_plus,0.3,0.1
56,0500000US24019,"Dorchester County, Maryland",asian_pacific_pct_65_plus,0.3,0.2
57,0500000US24021,"Frederick County, Maryland",asian_pacific_pct_65_plus,0.4,0.1
58,0500000US24023,"Garrett County, Maryland",asian_pacific_pct_65_plus,0.0,0.1
59,0500000US24025,"Harford County, Maryland",asian_pacific_pct_65_plus,0.3,0.1
60,0500000US24027,"Howard County, Maryland",asian_pacific_pct_65_plus,1.7,0.2
61,0500000US24029,"Kent County, Maryland",asian_pacific_pct_65_plus,0.0,0.2
62,0500000US24031,"Montgomery County, Maryland",asian_pacific_pct_65_plus,2.1,0.1
63,0500000US24033,"Prince George's County, Maryland",asian_pacific_pct_65_plus,0.5,0.1
64,0500000US24035,"Queen Anne's County, Maryland",asian_pacific_pct_65_plus,0.2,0.1
65,0500000US24037,"St. Mary's County, Maryland",asian_pacific_pct_65_plus,0.3,0.1
66,0500000US24039,"Somerset County, Maryland",asian_pacific_pct_65_plus,0.0,0.2
67,0500000US24041,"Talbot County, Maryland",asian_pacific_pct_65_plus,0.2,0.1
68,0500000US24043,"Washington County, Maryland",asian_pacific_pct_65_plus,0.2,0.1
69,0500000US24045,"Wicomico County, Maryland",asian_pacific_pct_65_plus,0.2,0.2
70,0500000US24047,"Worcester County, Maryland",asian_pacific_pct_65_plus,0.0,0.1
71,0500000US24510,"Baltimore city, Maryland",asian_pacific_pct_65_plus,0.2,0.1
72,0500000US24001,"Allegany County, Maryland",other_lang_pct_65_plus,0.0,0.1
73,0500000US24003,"Anne Arundel County, Maryland",other_lang_pct_65_plus,0.1,0.1
74,0500000US24005,"Baltimore County, Maryland",other_lang_pct_65_plus,0.3,0.1
75,0500000US24009,"Calvert County, Maryland",other_lang_pct_65_plus,0.0,0.1
76,0500000US24011,"Caroline County, Maryland",other_lang_pct_65_plus,0.0,0.1
77,0500000US24013,"Carroll County, Maryland",other_lang_pct_65_plus,0.0,0.1
78,0500000US24015,"Cecil County, Maryland",other_lang_pct_65_plus,0.0,0.1
79,0500000US24017,"Charles County, Maryland",other_lang_pct_65_plus,0.1,0.1
80,0500000US24019,"Dorchester County, Maryland",other_lang_pct_65_plus,0.0,0.1
81,0500000US24021,"Frederick County, Maryland",other_lang_pct_65_plus,0.2,0.1
82,0500000US24023,"Garrett County, Maryland",other_lang_pct_65_plus,0.0,0.2
83,0500000US24025,"Harford County, Maryland",other_lang_pct_65_plus,0.1,0.1
84,0500000US24027,"Howard County, Maryland",other_lang_pct_65_plus,0.2,0.1
85,0500000US24029,"Kent County, Maryland",other_lang_pct_65_plus,0.0,0.2
86,0500000US24031,"Montgomery County, Maryland",other_lang_pct_65_plus,0.6,0.1
87,0500000US24033,"Prince George's County, Maryland",other_lang_pct_65_plus,0.6,0.1
88,0500000US24035,"Queen Anne's County, Maryland",other_lang_pct_65_plus,0.0,0.1
89,0500000US24037,"St. Mary's County, Maryland",other_lang_pct_65_plus,0.0,0.1
90,0500000US24039,"Somerset County, Maryland",other_lang_pct_65_plus,0.2,0.3
91,0500000US24041,"Talbot County, Maryland",other_lang_pct_65_plus,0.0,0.1
92,0500000US24043,"Washington County, Maryland",other_lang_pct_65_plus,0.1,0.1
93,0500000US24045,"Wicomico County, Maryland",other_lang_pct_65_plus,0.0,0.1
94,0500000US24047,"Worcester County, Maryland",other_lang_pct_65_plus,0.0,0.1
95,0500000US24510,"Baltimore city, Maryland",other_lang_pct_65_plus,0.1,0.1
