,Current Name,Facility Street1,Facility City,Zip Code,Geographic Area Name
0,Allegany Health Nursing and Rehabilitation Cent,730 Furnace Street,Cumberland,21502,Allegany County
1,Cumberland Healthcare Center,512 Winifred Road,Cumberland,21502,Allegany County
2,"Egle Nursing Home Management, Inc.",57 Jackson Street,Lonaconing,21539,Allegany County
3,Lions Rehab Center,901 Seton Drive,Cumberland,21502,Allegany County
4,Frostburg Rehab Center,1 Kaylor Circle,Frostburg,21532,Allegany County
5,Moran Nursing & Rehabilitation Center,"25701 Shady Lane, S.W.",Westernport,21562,Allegany County
6,Devlin Manor Nursing and Rehabilitation,10301 Christie Road N.E.,Cumberland,21502,Allegany County
7,Mountain City Rehab Center,48 Tarn Terrace,Frostburg,21532,Allegany County
8,Ginger Cove,4000 River Crescent Drive,Annapolis,21401,Anne Arundel County
9,Complete Care at Annapolis,900 Van Buren Street,Annapolis,21403,Anne Arundel County
10,FutureCare- Chesapeake,305 College Parkway,Arnold,21012,Anne Arundel County
11,Crownsville Health Care,1454 Fairfield Loop Road,Crownsville,21032,Anne Arundel County
12,Genesis Hammonds Lane Center,613 Hammonds Lane,Brooklyn Park,21225,Baltimore city
13,Autumn Lake Healthcare at Waugh Chapel,1221 Waugh Chapel Road,Gambrills,21054,Anne Arundel County
14,Autumn Lake Healthcare at Crofton,2131 Davidsonville Road,Crofton,21114,Anne Arundel County
15,South River Healthcare Center,144 Washington Road,Edgewater,21037,Anne Arundel County
16,Autumn Lake Healthcare at Baltimore Washington,313 Hospital Drive,Glen Burnie,21061,Anne Arundel County
17,Autumn Lake Healthcare at Glen Burnie,"7355 Furnace Branch Road, East",Glen Burnie,21060,Anne Arundel County
18,Marley Neck Health and Rehabilitation Center,7575 East Howard Road,Glen Burnie,21060,Anne Arundel County
19,Complete Care at Severna Park,310 Genesis Way,Severna Park,21146,Anne Arundel County
20,Autumn Lake Healthcare at Spa Creek,35 Milkshake Lane,Annapolis,21403,Anne Arundel County
21,The Arbor,7101 Bay Front Drive,Annapolis,21403,Anne Arundel County
22,Pickersgill Retirement Community,615 Chestnut Avenue,Towson,21204,Baltimore County
23,Resorts of Augsburg,6811 Campfield Road,Baltimore,21207,Baltimore County
24,Rossville SNF Operations LLC,6600 Ridge Road,Baltimore,21237,Baltimore County
25,Chapel Hill Nursing Center,4511 Robosson Road,Randallstown,21133,Baltimore County
26,Orchard Hill Rehabilitation and Healthcare Cent,111 West Road,Towson,21204,Baltimore County
27,"Catonsville Healthcare, LLC",701 Edmondson Avenue,Catonsville,21228,Baltimore County
28,Holly Hill Healthcare Center,531 Stevenson Lane,Towson,21286,Baltimore County
29,Advanced Rehab at Autumn Lake Healthcare,515 Brightfield Road,Lutherville,21093,Baltimore County
30,Autumn Lake Healthcare at Catonsville,16 Fusting Avenue,Catonsville,21228,Baltimore County
31,Oakwood Care Center,1300 Windlass Drive,Baltimore,21220,Baltimore County
32,Little Sisters of the Poor/St.Martin''s Home fo,601 Maiden Choice Lane,Baltimore,21228,Baltimore County
33,Autumn Lake Healthcare at Towson,7001 N. Charles Street,Towson,21204,Baltimore County
34,Towson Rehabilitation and Healthcare Center,509 East Joppa Road,Towson,21286,Baltimore County
35,"Maryland Masonic Homes, Ltd",300 International Circle,Cockeysville,21030,Baltimore County
36,King David Nursing and Rehabilitation Center,4204 Old Milford Mill Road,Baltimore,21208,Baltimore County
37,Glen Meadows Retirement Community,11630 Glen Arm Road,Glen Arm,21057,Baltimore County
38,Autumn Ridge at North Oaks,725 Mt. Wilson Lane,Baltimore,21208,Baltimore County
39,Autumn Lake Healthcare at Perring Parkway,1801 Wentworth Road,Baltimore,21234,Baltimore County
40,Autumn Lake Healthcare at Pikesville,7 Sudbrook Lane,Pikesville,21208,Baltimore County
41,Broadmead,13801 York Road,Cockeysville,21030,Baltimore County
42,Patapsco Healthcare,9109 Liberty Road,Randallstown,21133,Baltimore County
43,Ridgeway Rehabilitation Center,5743 Edmondson Avenue,Catonsville,21228,Baltimore County
44,"St. Joseph''''s Nursing Home, Inc",1222 Tugwell Drive,Catonsville,21228,Baltimore County
45,Chestnut Green Health Care Center at Blakehurst,1055 West Joppa Road,Towson,21204,Baltimore County
46,"Stella Maris, Inc.",2300 Dulaney Valley Road,Timonium,21093,Baltimore County
47,Autumn Lake Healthcare at Summit Park,1502 Frederick Road,Catonsville,21228,Baltimore County
48,Autumn Lake healthcare at Loch Raven,8720 Emge Road,Baltimore,21234,Baltimore County
49,Complete Care at Multi Medical Center,7700 York Road,Towson,21204,Baltimore County
50,Frederick villa healthcare,711 Academy Road,Catonsville,21228,Baltimore County
51,Autumn Lake Healthcare at Riverview,One Eastern Boulevard,Baltimore,21221,Baltimore County
52,"FutureCare-Old Court, LLC",5412 Old Court Road,Randallstown,21133,Baltimore County
53,FutureCare Courtland,7920 Scotts Level Road,Baltimore,21208,Baltimore County
54,Autumn Lake Healthcare at Parkville,8710 Emge Road,Baltimore,21234,Baltimore County
55,"Complete Care at Heritage Center, LLC.",7232 German Hill Road,Baltimore,21222,Baltimore County
56,FutureCare - NorthPoint,1046 Old North Point Road,Baltimore,21224,Baltimore city
57,Edenwald,800 Southerly Road,Towson,21286,Baltimore County
58,Charlestown Community Inc.,709 Maiden Choice Lane,Catonsville,21228,Baltimore County
59,FutureCare-Cherrywood,12020 Reisterstown Road,Reisterstown,21136,Baltimore County
60,Genesis Franklin Woods Center,9200 Franklin Square Drive,Baltimore,21237,Baltimore County
61,Oak Crest Village Care Center,8832 Walther Boulevard,Parkville,21234,Baltimore County
62,Meadow Park Nursing Home,1525 North Rolling Road,Catonsville,21228,Baltimore County
63,Lorien Mays Chapel,12230 Roundwood Road,Timonium,21093,Baltimore County
64,Oasis Nursing and Rehab,85 Hospital Road,Prince Frederick,20678,Calvert County
65,Solomons Skilled Nursing Center LLC,13325 Dowell Road,Solomons,20688,Calvert County
66,Asbury Atlantic Inc. dba Asbury Solomons,11750 Asbury Circle,Solomons,20688,Calvert County
67,520 Kerr Avenue Opco LLC,520 Kerr Avenue,Denton,21629,Caroline County
68,Denton Nursing and Rehab,420 Colonial Drive,Denton,21629,Caroline County
69,Fairhaven Nursing Home,7200 Third Avenue,Sykesville,21784,Carroll County
70,Atlee Hill Skilled Nursing and Rehabilitation,297 Stoner Ave,Westminster,21157,Carroll County
71,Autumn Lake Healthcare at Long View,3332 Main Street,Manchester,21102,Carroll County
72,Autumn Lake Healthcare at Birch Manor,7309 Second Avenue,Sykesville,21784,Carroll County
73,Pleasant View Healthcare Center,4101 Old  National Pike,Mt. Airy,21771,Frederick County
74,Westminster Healthcare Center,1234 Washington Road,Westminster,21157,Carroll County
75,Carroll Lutheran Village Healthcare Center,200 Saint Luke Circle,Westminster,21158,Carroll County
76,Copper Ridge,710 Obrecht Road,Sykesville,21784,Carroll County
77,Lorien Mt. Airy,705 Midway Ave.,Mt. Airy,21771,Frederick County
78,Lorien - Taneytown,100 Antrim Boulevard,Taneytown,21787,Carroll County
79,Autumn Lake Healthcare at Calver Manor,1881 Telegraph Road,Rising Sun,21911,Cecil County
80,Elkton Nursing and Rehabilitation Center,One Price Drive,Elkton,21921,Cecil County
81,Laurelwood Care Center at Elkton,100 Laurel Drive,Elkton,21921,Cecil County
82,Green Acres Nursing and Rehab,10200 LaPlata Road,La Plata,20646,Charles County
83,Complete Care at La Plata,1 Magnolia Drive,La Plata,20646,Charles County
84,Genesis Waldorf Center,4140 Old Washington Highway,Waldorf,20602,Charles County
85,Restore Health Rehabilitation Center,4615 Einstein Place,White Plains,20695,Charles County
86,Mallard Bay Nursing and Rehabiliation,520 Glenburn Avenue,Cambridge,21613,Dorchester County
87,Autumn Lake Healthcare at Chesapeake Woods,525 Glenburn Avenue,Cambridge,21613,Dorchester County
88,Autumn Lake Healthcare at Ballenger Creek,347 Ballenger Center Drive,Frederick,21703,Frederick County
89,Autumn Lake Healthcare at Braddock Heights,6012 Jefferson Boulevard,Frederick,21703,Frederick County
90,Citizens Care and Rehabilitation Center of Fred,1920 Rosemont Avenue,Frederick,21702,Frederick County
91,Homewood Living Frederick,7407 Willow Road,Frederick,21702,Frederick County
92,Northampton Manor Health Care Center,200 East 16th Street,Frederick,21701,Frederick County
93,Frederick Crossing,30 North Place,Frederick,21701,Frederick County
94,Autumn Lake Healthcare at Glade Valley,56 W. Frederick Street,Walkersville,21793,Frederick County
95,Buckingham''s Choice,3200 Baker Circle,Adamstown,21710,Frederick County
96,Oakland Nursing & Rehabilitation Center,706 E Alder St,Oakland,21550,Garrett County
97,Goodwill Mennonite Home,891 Dorsey Hotel Road,Grantsville,21536,Garrett County
98,Dennett SNF LLC,1113 Mary Drive,Oakland,21550,Garrett County
99,Garrett Regional Medical Center Subacute Unit,251 North Fourth St.,Oakland,21550,Garrett County
100,Sterling Care Bel Air,410 E. MacPhail Road,Bel Air,21014,Harford County
101,Citizens Care Center,415  Market Street,Havre de Grace,21078,Harford County
102,Sterling Care Forest Hill,109 Forest Valley Drive,Forest Hill,21050,Harford County
103,Sterling Care Riverside,1123 Belcamp Garth,Belcamp,21017,Harford County
104,Lorien Nursing and Rehabilitation Center-Bel Ai,1909 Emmorton Road,Bel Air,21015,Harford County
105,Lorien Bulle Rock,1501 Blenheim Farm Lane,Havre de Grace,21078,Harford County
106,Lorien Nursing and Rehabilitation Center Columb,6334 Cedar Lane,Columbia,21044,Howard County
107,Ellicott City Healthcare Center,3000 N. Ridge Road,Ellicott City,21043,Howard County
108,Residences at Vantage Point,5400 Vantage Point Road,Columbia,21044,Howard County
109,Encore at Turf Valley,11150 Resort Road,Ellicott City,21042,Howard County
110,Lorien Nursing and Rehabilitation Center -Elkri,7615 Washington Blvd,Elkridge,21075,Howard County
111,The Lutheran Village At Miller''s Grant,9000 Fathers Legacy,Ellicott City,21042,Howard County
112,Resorts at Chester River Manor,200 Morgnec Road,Chestertown,21620,Kent County
113,Heron Point of Chestertown,501 East Campus Avenue,Chestertown,21620,Kent County
114,Chestertown Nursing and Rehab,415 Morgnec Road,Chestertown,21620,Kent County
115,Althea Woodland Nursing Home,1000 Daleview Drive,Silver Spring,20901,Montgomery County
116,Bel Pre Health & Rehab. Ctr.,2601 Bel Pre Road,Silver Spring,20906,Montgomery County
117,Autumn Lake Healthcare at Chevy Chase,8700 Jones Mill Road,Chevy Chase,20815,Montgomery County
118,Brooke Grove Rehabilitation and Nursing Center,18131 Slade School Road,Sandy Spring,20860,Montgomery County
119,Regency Care of Silver Spring,9101 Second Avenue,Silver Spring,20910,Montgomery County
120,Summit Hills MD OPCO LLC (Fox Chase),2015 East West Highway,Silver Spring,20910,Montgomery County
121,Shady Grove Center for Nursing & Rehabilitation,9701 Medical Center Drive,Rockville,20850,Montgomery County
122,Complete Care-Springbrook,12325 New Hampshire Avenue,Silver Spring,20904,Montgomery County
123,Genesis Fairland Center,2101 Fairland Road,Silver Spring,20904,Montgomery County
124,Friends House Retirement Community,17401 Norwood Road,Sandy Spring,20860,Montgomery County
125,Sterling Bethesda Health and Rehabilitation Cen,5721 Grosvenor Lane,Bethesda,20814,Montgomery County
126,Hebrew Home at Greater Washington,6121 Montrose Road,Rockville,20852,Montgomery County
127,Kensington Healthcare Center,3000 McComas Avenue,Kensington,20895,Montgomery County
128,Wheaton Operator LLC,11901 Georgia Avenue,Wheaton,20902,Montgomery County
129,Sterling Care Rockville Nursing Home,303 Adclare,Rockville,20850,Montgomery County
130,Carriage Hill Bethesda,5215 W. Cedar Lane,Bethesda,20814,Montgomery County
131,Herman M. Wilson Health Care Center,301 Russell Avenue,Gaithersburg,20877,Montgomery County
132,Potomac Valley Rehabilitation and Healthcare,1235 Potomac Valley Road,Rockville,20850,Montgomery County
133,Complete Care at Wheaton,4011 Randolph Road,Silver Springs,20902,Montgomery County
134,Sligo Creek Healthcare,7525 Carroll Avenue,Takoma Park,20912,Montgomery County
135,Autumn Lake Healthcare at Oakview,2700 Barker Street,Silver Spring,20910,Montgomery County
136,Autumn Lake Healthcare at Arcola,901 Arcola Avenue,Silver Spring,20902,Montgomery County
137,Montcare Bethesda,6530 Democracy Boulevard,Bethesda,20817,Montgomery County
138,"The Village at Rockville, Inc.",9701 Veirs Drive,Rockville,20850,Montgomery County
139,Layhill SNF LLC,3227 Bel Pre Road,Silver Spring,20906,Montgomery County
140,Montcare At Potomac,10714 Potomac Tennis Lane,Potomac,20854,Montgomery County
141,Autumn Lake Healthcare at Silver Spring,2501 Musgrove Road,Silver Spring,20904,Montgomery County
142,Bedford Court Sunrise Senior Living Services,3700 International Drive,Silver Spring,20906,Montgomery County
143,Montgomery Village Health Care Center,19301 Watkins Mill Road,Montgomery Village,20886,Montgomery County
144,Collingswood Nursing and Rehabilitation Center,299 Hurley Avenue,Rockville,20850,Montgomery County
145,Maplewood Park Place,9707 Old Georgetown Road,Bethesda,20814,Montgomery County
146,Ingleside at King Farm,701 King Farm Boulevard,Rockville,20850,Montgomery County
147,Autumn Lake Healthcare at Oak Manor,3415 Greencastle Road,Burtonsville,20866,Montgomery County
148,Tuckerman Rehabilitation and Health Care Center,5550 Tuckerman Lane,Bethesda,20852,Montgomery County
149,Clinton Healthcare Center,9211 Stuart Lane,Clinton,20735,Prince George's County
150,Complete Care at Hyattsville,4922 LaSalle Road,Hyattsville,20782,Prince George's County
151,Sterling Care Hillhaven,3210 Powder Mill Road,Adelphi,20783,Prince George's County
152,Bay Harbor Post Acute Health Care Center,6710 Mallery Drive,Lanham,20706,Prince George's County
153,Adelphi Nursing and Rehabilitation center,1801 Metzerott Road,Adelphi,20783,Prince George's County
154,Hyattsville Rehab Center,6500 Riggs Road,Hyattsville,20782,Prince George's County
155,Forestville Health & Rehabilitation Center,7420 Marlboro Pike,Forestville,20747,Prince George's County
156,"Sacred Heart Home, Inc.",5805 Queens Chapel Road,Hyattsville,20782,Prince George's County
157,Autumn Lake Healthcare at   Bradford Oaks,7520 Surratts Road,Clinton,20735,Prince George's County
158,Villa Rosa Nursing Home,3800 Lottsford Vista Road,Mitchellville,20721,Prince George's County
159,Largo Nursing and Rehabilitation Center,600 Largo Road,Largo,20774,Prince George's County
160,Autumn Lake Healthcare at Patuxent River,14200 Laurel Park Drive,Laurel,20707,Prince George's County
161,Fort Washington Health Center,12021 Livingston Road,Fort Washington,20744,Prince George's County
162,FutureCare-Pineview,9106 Pineview Lane,Clinton,20735,Prince George's County
163,Autumn Lake Healthcare at Cherry Lane,9001 Cherry Lane,Laurel,20708,Prince George's County
164,Crescent Cities Center,4409 East West Highway,Riverdale,20737,Prince George's County
165,Riderwood Village,3160 Gracefield Road,Silver Spring,20904,Montgomery County
166,FutureCare at Capital Region,1051 BRIGHTSEAT ROAD,Landover,20785,Prince George's County
167,Complete Care at Corsica Hills Center,205 Armstrong Ave.,Centreville,21617,Queen Anne's County
168,"St. Mary''s Nursing Center, Inc.",21585 Peabody Street,Leonardtown,20650,St. Mary's County
169,Chesapeake Shores Nursing Center,21412 Great Mills Road,Lexington Park,20653,St. Mary's County
170,Comptroller of Maryland - Center Payroll Bureau,29449 Charlotte Hall Road,Charlotte Hall,20622,St. Mary's County
171,Manokin Nursing and Rehabilitation,11974 Edgehill Terrace,Princess Anne,21853,Somerset County
172,Alice Byrd Tawes Nursing Home,201 Hall Highway,Crisfield,21817,Somerset County
173,Pines Nursing and Rehab,610 Dutchmans Lane,Easton,21601,Talbot County
174,Bayleigh Chase,501 Dutchmans Lane,Easton,21601,Talbot County
175,"Complete Care at Hagerstown, LLC",14014 Marsh Pike,Hagerstown,21742,Washington County
176,Coffman Nursing Home by Fahrney-Keedy,1304 Pennsylvania Avenue,Hagerstown,21742,Washington County
177,Hagerstown Healthcare Center,750 Dual Highway,Hagerstown,21740,Washington County
178,Fahrney-Keedy Memorial Home,8507 Mapleville Road,Boonsboro,21713,Washington County
179,Homewood Living Williamsport,16505 Virginia Avenue,Williamsport,21795,Washington County
180,Julia Manor Health Care Center,333 Mill Street,Hagerstown,21740,Washington County
181,Creekside Center for Rehabilitation and Nursing,1183 Luther Drive,Hagerstown,21740,Washington County
182,Williamsport Health and Rehabilitation Center,154 N. Artizan Street,Williamsport,21795,Washington County
183,Sterling Care South Mountain,141 S. Main Street,Boonsboro,21713,Washington County
184,Western Maryland Hospital Center,1500 Pennsylvania Avenue,Hagerstown,21742,Washington County
185,Deer's Head Hospital Center - CCF,351 Deers Head Hospital Road,Salisbury,21801,Wicomico County
186,Bay Harbor Post Acute Health Care Center,200 Civic Avenue,Salisbury,21804,Wicomico County
187,Wicomico Nursing Home,900 Booth Street,Salisbury,21801,Wicomico County
188,Anchorage Healthcare Center,105 Times Square,Salisbury,21801,Wicomico County
189,Hartley Nursing and Rehab,1006 Market Street,Pocomoke City,21851,Worcester County
190,Berlin Nursing & Rehabilitation Center,9715 Healthway Drive,Berlin,21811,Worcester County
191,Snow Hill Rehabilitation and Healthcare Center,430 W. Market Street,Snow Hill,21863,Worcester County
192,FutureCare - Canton Harbor,1300 South Ellwood Avenue,Baltimore,21224,Baltimore city
193,Autumn Lake Healthcare at Alice Manor,2095 Rockrose Avenue,Baltimore,21211,Baltimore city
194,Mercy Hospital TCU,301 St. Paul Place,Baltimore,21201,Baltimore city
195,Carroll Park Healthcare,3330 Wilkens Avenue,Baltimore,21229,Baltimore city
196,Roland Park SNF Operations LLC,4669 Falls Road,Baltimore,21209,Baltimore city
197,Autumn Lake Healthcare at Homewood,6000 Bellona Avenue,Baltimore,21212,Baltimore city
198,FutureCare-Homewood,2700 North Charles Street,Baltimore,21218,Baltimore city
199,Autumn Lake Healthcare at Overlea,6116 Belair Road,Baltimore,21206,Baltimore city
200,Autumn Lake Healthcare at Bridge Park,4017 Liberty Heights Avenue,Baltimore,21207,Baltimore County
201,FutureCare Cold Spring,4700 Harford Road,Baltimore,21214,Baltimore city
202,Blue Point Healthcare Center,2525 W. Belvedere Avenue,Baltimore,21215,Baltimore city
203,St. Elizabeth Rehabilitation and Nursing Center,3320 Benson Avenue,Baltimore,21227,Baltimore County
204,Northwest Healthcare Center,4601 Pall Mall Drive,Baltimore,21215,Baltimore city
205,Keswick Multi-Care Center,700 W. 40th Street,Baltimore,21211,Baltimore city
206,Levindale Hebrew Geriatric Center,2434 W. Belvedere Avenue,Baltimore,21215,Baltimore city
207,Fayette Health & Rehabilitation Center,1217 W. Fayette Street,Baltimore,21223,Baltimore city
208,Autumn Lake Healthcare at Long Green,115 E. Melrose Avenue,Baltimore,21212,Baltimore city
209,FutureCare Good Samaritan,1601 East Belvedere Ave,Baltimore,21239,Baltimore city
210,Autumn Lake Healthcare at Arlington West,3939 Penhurst Avenue,Baltimore,21215,Baltimore city
211,Maryland Baptist Aged Home,2801 Rayner Ave,Baltimore,21216,Baltimore city
212,FutureCare Irvington,22-30 South Athol Avenue,Baltimore,21229,Baltimore city
213,Autumn Lake Healthcare Post Acute Care Center,5009 Frankford Avenue,Baltimore,21206,Baltimore city
214,Roland Park Place,830 West 40th Street,Baltimore,21211,Baltimore city
215,FutureCare Lochearn,4800 Seton Drive,Baltimore,21215,Baltimore city
216,FutureCare Sandtown,1000 North Gilmor Street,Baltimore,21217,Baltimore city
217,Westgate Hills Rehabilitation & Healthcare Cent,10 N. Rock Glen Road,Baltimore,21229,Baltimore city
218,FutureCare Charles Village,2327 N. Charles Street,Baltimore,21218,Baltimore city
219,The Nursing and Rehabilitation Center at Stadiu,1010 East 33rd Street,Baltimore,21218,Baltimore city
